index,time,L_x,L_y,L_z,C_x,C_y,C_z,F_x,F_y,F_z,confidence,gaze_norm_pos_x,gaze_norm_pos_y,left_gaze,norm_pos_x,norm_pos_y,method,ellipse_center_x,ellipse_center_y,ellipse_axis_a,ellipse_axis_b,ellipse_angle,diameter_3d,model_confidence,model_id,sphere_center_x,sphere_center_y,sphere_center_z,sphere_radius,circle_3d_center_x,circle_3d_center_y,circle_3d_center_z,circle_3d_normal_x,circle_3d_normal_y,circle_3d_normal_z,circle_3d_radius	theta,phi,projected_sphere_center_x,projected_sphere_center_y,projected_sphere_axis_a,projected_sphere_axis_b,index.1,time.1
1,0.0,-15.5,1.8,-4.1,-19.8,2.5,-4.2,1.0,-0.2,0.0,1.0,0.4682899740151214,0.6089684063685705,0.5487855104306344,0.6450273887180387,101.16672235857492,351.222726675606,170.38685341534142,96.43854283681934,101.16672235857492,67.8275757589801,3.6129030419875,0.4133874836592999,17,0.5821648747894916,-7.141782051004571,33.26086007816892,12.0,1.1245979596928115,-2.440934712859927,22.233267382940248,0.0452027570752766,0.3917372781787203,-0.9189660579357224,1.8064515209937493,1.9733153498138407,-1.5216472281404374,330.85186076130344,106.8734103322502,447.3726766243976,447.3726766243976,1,0.0
4858,154.681,-15.5,2.1,-4.6,-18.3,1.7,-4.2,1.0,-0.1,-0.2,0.1943858364661011,0.4929205778950098,0.7420176166570707,0.54297926166019,0.5984588356520602,133.7437020216059,347.50672746252155,192.7397588870111,124.90834280727432,133.7437020216059,61.09439829028823,3.646372201476465,0.555567062579787,53,-0.6846887069068164,-5.801434804275572,27.962110869851795,12.0,0.773138767536284,-1.2223809874537297,16.96633871881992,0.1214856228702583,0.3815878180684869,-0.9163143459193231,1.8231861007382328,1.9623098149625868,-1.438984326868167,304.81849241432195,111.36559198293747,532.1486660738237,532.1486660738237,4858,154.681
